<?xml version="1.0" encoding="UTF-8"?>
<project-private xmlns="http://www.netbeans.org/ns/project-private/1">
    <editor-bookmarks xmlns="http://www.netbeans.org/ns/editor-bookmarks/2" lastBookmarkId="0"/>
    <open-files xmlns="http://www.netbeans.org/ns/projectui-open-files/2">
        <group>
            <file>file:/C:/Users/cleme/OneDrive/EFREI/s5/java/JavaApplication2/src/javaapplication2/JavaApplication2.java</file>
            <file>file:/C:/Users/cleme/OneDrive/EFREI/s5/java/JavaApplication2/src/javaapplication2/Produit.java</file>
            <file>file:/C:/Users/cleme/OneDrive/EFREI/s5/java/JavaApplication2/src/javaapplication2/Client.java</file>
            <file>file:/C:/Users/cleme/OneDrive/EFREI/s5/java/JavaApplication2/src/javaapplication2/Panier.java</file>
            <file>file:/C:/Users/cleme/OneDrive/EFREI/s5/java/JavaApplication2/src/javaapplication2/Commande.java</file>
            <file>file:/C:/Users/cleme/OneDrive/EFREI/s5/java/JavaApplication2/src/javaapplication2/Magasin.java</file>
        </group>
    </open-files>
</project-private>
